Feature Key,Success Count,Fail Count,Success Rate (%),Safe Pool Status,Remotion Engine Status
"[Advanced Effect] speedup","37","0","100.0%","Safe","Needs Remotion Build (Fallback) ⚠️"
"[Advanced Effect] zoomsoft","51","0","100.0%","Safe","Needs Remotion Build (Fallback) ⚠️"
"[Advanced Effect] shake","52","0","100.0%","Safe","Needs Remotion Build (Fallback) ⚠️"
"[Advanced Effect] zoomin","35","0","100.0%","Safe","Needs Remotion Build (Fallback) ⚠️"
"[Advanced Effect] overshootzoom","18","0","100.0%","Safe","Needs Remotion Build (Fallback) ⚠️"
"[Advanced Effect] flash","29","0","100.0%","Safe","Needs Remotion Build (Fallback) ⚠️"
"[Advanced Effect] speedrampfast","6","0","100.0%","Safe","Needs Remotion Build (Fallback) ⚠️"
"[Advanced Effect] driftcam","1","0","100.0%","Restricted","Native Remotion ✅"
"[Advanced Effect] speedramp","5","0","100.0%","Safe","Needs Remotion Build (Fallback) ⚠️"
"[Advanced Effect] zoom","1","0","100.0%","Restricted","Needs Remotion Build (Fallback) ⚠️"
"[Advanced Effect] rgbshift","6","0","100.0%","Safe","Needs Remotion Build (Fallback) ⚠️"
"[Advanced Effect] zoomsoft","118","1","99.2%","Safe","Needs Remotion Build (Fallback) ⚠️"
"[Subtitle Style] hookbold","76","4","95.0%","Safe","Needs Remotion Build (Fallback) ⚠️"
"[Transition Out] wipeleft","105","6","94.6%","Safe","Native Remotion ✅"
"[Advanced Effect] shake","55","0","100.0%","Safe","Needs Remotion Build (Fallback) ⚠️"
"[Subtitle Style] framedcard","54","0","100.0%","Safe","Needs Remotion Build (Fallback) ⚠️"
"[Transition Out] fade","154","0","100.0%","Safe","Native Remotion ✅"
"[Advanced Effect] zoomin","24","0","100.0%","Safe","Needs Remotion Build (Fallback) ⚠️"
"[Subtitle Style] neonglow","52","0","100.0%","Safe","Native Remotion ✅"
"[Transition Out] slideup","106","1","99.1%","Safe","Native Remotion ✅"
"[Transition Out] wiperight","36","0","100.0%","Safe","Native Remotion ✅"
"[Subtitle Style] ctared","39","0","100.0%","Safe","Needs Remotion Build (Fallback) ⚠️"
"[Subtitle Style] goldcaption","47","0","100.0%","Safe","Needs Remotion Build (Fallback) ⚠️"
"[Advanced Effect] speedup","64","2","97.0%","Safe","Needs Remotion Build (Fallback) ⚠️"
"[Advanced Effect] rgbshift","16","2","88.9%","Restricted","Needs Remotion Build (Fallback) ⚠️"
"[Advanced Effect] overshootzoom","30","0","100.0%","Safe","Needs Remotion Build (Fallback) ⚠️"
"[Transition Out] pixelize","9","0","100.0%","Safe","Needs Remotion Build (Fallback) ⚠️"
"[Advanced Effect] flash","5","0","100.0%","Safe","Needs Remotion Build (Fallback) ⚠️"
"[Transition Out] circleopen","66","0","100.0%","Safe","Native Remotion ✅"
"[Advanced Effect] cinematiczoom","32","0","100.0%","Safe","Needs Remotion Build (Fallback) ⚠️"
"[Advanced Effect] speedpulse","5","0","100.0%","Safe","Needs Remotion Build (Fallback) ⚠️"
"[Subtitle Style] vibrantstickerlabel","2","0","100.0%","Restricted","Needs Remotion Build (Fallback) ⚠️"
"[Subtitle Style] minimalglasscard","19","1","95.0%","Safe","Native Remotion ✅"
"[Subtitle Style] warningredbadge","7","0","100.0%","Safe","Native Remotion ✅"
"[Advanced Effect] speedrampfast","27","2","93.1%","Safe","Needs Remotion Build (Fallback) ⚠️"
"[Advanced Effect] snapzoom","3","0","100.0%","Restricted","Native Remotion ✅"
"[Subtitle Style] vibrantyellowlightningsticker","44","1","97.8%","Safe","Native Remotion ✅"
"[Subtitle Style] vibrantyellowsticker","18","1","94.7%","Safe","Native Remotion ✅"
"[Subtitle Style] vibrant_yellow_sticker","47","0","100.0%","Safe","Native Remotion ✅"
"[Transition Out] wipe_left","35","0","100.0%","Safe","Native Remotion ✅"
"[Advanced Effect] Satisfying Timewarp","13","0","100.0%","Safe","Mapped Knowledge 🔄"
"[Subtitle Style] minimal_glass_card","97","0","100.0%","Safe","Native Remotion ✅"
"[Transition Out] slide_up","24","0","100.0%","Safe","Native Remotion ✅"
"[Advanced Effect] Dramatic Focus","2","0","100.0%","Restricted","Mapped Knowledge 🔄"
"[Transition Out] wipe_right","21","0","100.0%","Safe","Native Remotion ✅"
"[Advanced Effect] Precision Showcase","1","0","100.0%","Restricted","Needs Remotion Build (Fallback) ⚠️"
"[Transition Out] circle_open","18","0","100.0%","Safe","Native Remotion ✅"
"[Advanced Effect] Luxury Focus","1","0","100.0%","Restricted","Needs Remotion Build (Fallback) ⚠️"
"[Subtitle Style] vibrant_yellow_lightning_sticker","27","0","100.0%","Safe","Native Remotion ✅"
"[Advanced Effect] Epic Reveal Outro","1","0","100.0%","Restricted","Mapped Knowledge 🔄"
"[Advanced Effect] texture_reveal","1","0","100.0%","Restricted","Needs Remotion Build (Fallback) ⚠️"
"[Advanced Effect] hardware_focus","1","0","100.0%","Restricted","Needs Remotion Build (Fallback) ⚠️"
"[Advanced Effect] ruler_alignment","1","0","100.0%","Restricted","Needs Remotion Build (Fallback) ⚠️"
"[Advanced Effect] final_layout","1","0","100.0%","Restricted","Needs Remotion Build (Fallback) ⚠️"
"[Advanced Effect] Satisfying Impact","1","0","100.0%","Restricted","Needs Remotion Build (Fallback) ⚠️"
"[Advanced Effect] Precision Focus","1","0","100.0%","Restricted","Needs Remotion Build (Fallback) ⚠️"
"[Advanced Effect] Detail Showcase","1","0","100.0%","Restricted","Mapped Knowledge 🔄"
"[Advanced Effect] Dynamic Motion","1","0","100.0%","Restricted","Needs Remotion Build (Fallback) ⚠️"
"[Advanced Effect] Craft Clean","1","0","100.0%","Restricted","Needs Remotion Build (Fallback) ⚠️"
"[Advanced Effect] Final Showcase","1","0","100.0%","Restricted","Mapped Knowledge 🔄"
"[Advanced Effect] Satisfying Peel Focus","1","0","100.0%","Restricted","Needs Remotion Build (Fallback) ⚠️"
"[Advanced Effect] Precision Cut Focus","1","0","100.0%","Restricted","Needs Remotion Build (Fallback) ⚠️"
"[Advanced Effect] Color Contrast Showcase","1","0","100.0%","Restricted","Needs Remotion Build (Fallback) ⚠️"
"[Advanced Effect] Detail Reveal Ramp","1","0","100.0%","Restricted","Needs Remotion Build (Fallback) ⚠️"
"[Advanced Effect] Epic Final Layout","1","0","100.0%","Restricted","Needs Remotion Build (Fallback) ⚠️"
"[Advanced Effect] Fast Motion","4","0","100.0%","Restricted","Mapped Knowledge 🔄"
"[Advanced Effect] Cinematic Zoom","9","0","100.0%","Safe","Needs Remotion Build (Fallback) ⚠️"
"[Advanced Effect] Epic Reveal","8","0","100.0%","Safe","Mapped Knowledge 🔄"
"[Advanced Effect] Flash","2","0","100.0%","Restricted","Needs Remotion Build (Fallback) ⚠️"
"[Advanced Effect] Glow","4","0","100.0%","Restricted","Mapped Knowledge 🔄"
"[Advanced Effect] Smooth Transition","4","0","100.0%","Restricted","Mapped Knowledge 🔄"
"[Advanced Effect] reveal_spring_wood","1","0","100.0%","Restricted","Needs Remotion Build (Fallback) ⚠️"
"[Advanced Effect] wood_texture_focus","1","0","100.0%","Restricted","Needs Remotion Build (Fallback) ⚠️"
"[Advanced Effect] final_pair_showcase","1","0","100.0%","Restricted","Needs Remotion Build (Fallback) ⚠️"
"[Advanced Effect] Texture Focus Zoom","1","0","100.0%","Restricted","Needs Remotion Build (Fallback) ⚠️"
"[Advanced Effect] Flexibility Press","1","0","100.0%","Restricted","Needs Remotion Build (Fallback) ⚠️"
"[Advanced Effect] Grip Texture Showcase","1","0","100.0%","Restricted","Needs Remotion Build (Fallback) ⚠️"
"[Subtitle Style] warning_red_badge","4","0","100.0%","Restricted","Native Remotion ✅"
"[Advanced Effect] Side-by-side Compare","1","0","100.0%","Restricted","Needs Remotion Build (Fallback) ⚠️"
"[Advanced Effect] Final Showcase Drift","1","0","100.0%","Restricted","Needs Remotion Build (Fallback) ⚠️"
"[Advanced Effect] reveal_impact","1","0","100.0%","Restricted","Mapped Knowledge 🔄"
"[Advanced Effect] dramatic_focus","1","0","100.0%","Restricted","Mapped Knowledge 🔄"
"[Advanced Effect] satisfying_cut","1","0","100.0%","Restricted","Mapped Knowledge 🔄"
"[Advanced Effect] premium_showcase","1","0","100.0%","Restricted","Mapped Knowledge 🔄"
"[Advanced Effect] Viral Fast Snap","1","0","100.0%","Restricted","Needs Remotion Build (Fallback) ⚠️"
"[Advanced Effect] Reveal Impact Zoom","1","0","100.0%","Restricted","Needs Remotion Build (Fallback) ⚠️"
"[Advanced Effect] Premium Showcase Focus","1","0","100.0%","Restricted","Needs Remotion Build (Fallback) ⚠️"
"[Advanced Effect] Cinematic Rain Drift","1","0","100.0%","Restricted","Needs Remotion Build (Fallback) ⚠️"
"[Advanced Effect] 街景 Glide","1","0","100.0%","Restricted","Needs Remotion Build (Fallback) ⚠️"
"[Advanced Effect] Hillside Motion","1","0","100.0%","Restricted","Needs Remotion Build (Fallback) ⚠️"
"[Advanced Effect] Architectural Pan","1","0","100.0%","Restricted","Needs Remotion Build (Fallback) ⚠️"
"[Advanced Effect] Center Square Outro","1","0","100.0%","Restricted","Needs Remotion Build (Fallback) ⚠️"
"[Advanced Effect] Cinematic Rain Focus","1","0","100.0%","Restricted","Needs Remotion Build (Fallback) ⚠️"
"[Advanced Effect] Smooth Street Glide","1","0","100.0%","Restricted","Needs Remotion Build (Fallback) ⚠️"
"[Advanced Effect] Warm Storefront Highlight","1","0","100.0%","Restricted","Needs Remotion Build (Fallback) ⚠️"
"[Advanced Effect] Peaceful Soft Fade","1","0","100.0%","Restricted","Needs Remotion Build (Fallback) ⚠️"
"[Advanced Effect] satisfying_knife_cut","1","0","100.0%","Restricted","Needs Remotion Build (Fallback) ⚠️"
"[Advanced Effect] box_opening","1","0","100.0%","Restricted","Needs Remotion Build (Fallback) ⚠️"
"[Advanced Effect] product_display","1","0","100.0%","Restricted","Needs Remotion Build (Fallback) ⚠️"
"[Advanced Effect] wax_texture_reveal","1","0","100.0%","Restricted","Needs Remotion Build (Fallback) ⚠️"
"[Advanced Effect] reveal_impact_zoom","1","0","100.0%","Restricted","Needs Remotion Build (Fallback) ⚠️"
"[Advanced Effect] texture_highlight","2","0","100.0%","Restricted","Needs Remotion Build (Fallback) ⚠️"
"[Advanced Effect] chill_outro_pause","1","0","100.0%","Restricted","Needs Remotion Build (Fallback) ⚠️"
"[Advanced Effect] craft_focus_zoom","1","0","100.0%","Restricted","Needs Remotion Build (Fallback) ⚠️"
"[Advanced Effect] asmr_satisfying_cut","1","0","100.0%","Restricted","Needs Remotion Build (Fallback) ⚠️"
"[Advanced Effect] final_reveal_glow","1","0","100.0%","Restricted","Needs Remotion Build (Fallback) ⚠️"
"[Advanced Effect] satisfying_blade_sound","1","0","100.0%","Restricted","Needs Remotion Build (Fallback) ⚠️"
"[Advanced Effect] peel_reveal","1","0","100.0%","Restricted","Needs Remotion Build (Fallback) ⚠️"
"[Advanced Effect] smooth_cut_line","1","0","100.0%","Restricted","Needs Remotion Build (Fallback) ⚠️"
"[Advanced Effect] product_reveal_hero","1","0","100.0%","Restricted","Needs Remotion Build (Fallback) ⚠️"
"[Advanced Effect] fast_cutting_hook","1","0","100.0%","Restricted","Needs Remotion Build (Fallback) ⚠️"
"[Advanced Effect] texture_zoom","1","0","100.0%","Restricted","Mapped Knowledge 🔄"
"[Advanced Effect] label_focus","1","0","100.0%","Restricted","Needs Remotion Build (Fallback) ⚠️"
"[Advanced Effect] product_hero","1","0","100.0%","Restricted","Needs Remotion Build (Fallback) ⚠️"
"[Advanced Effect] outro_display","1","0","100.0%","Restricted","Needs Remotion Build (Fallback) ⚠️"
"[Advanced Effect] sharp_knife_cut","1","0","100.0%","Restricted","Needs Remotion Build (Fallback) ⚠️"
"[Advanced Effect] box_open_reveal","1","0","100.0%","Restricted","Needs Remotion Build (Fallback) ⚠️"
"[Advanced Effect] bubble_wrap_peel","1","0","100.0%","Restricted","Needs Remotion Build (Fallback) ⚠️"
"[Advanced Effect] strawberry_tube_showcase","1","0","100.0%","Restricted","Needs Remotion Build (Fallback) ⚠️"
"[Advanced Effect] blueberry_tube_showcase","1","0","100.0%","Restricted","Needs Remotion Build (Fallback) ⚠️"
"[Advanced Effect] final_pair_display","1","0","100.0%","Restricted","Needs Remotion Build (Fallback) ⚠️"
"[Advanced Effect] macropush","1","0","100.0%","Restricted","Native Remotion ✅"
"[Advanced Effect] impact_zoom","1","0","100.0%","Restricted","Mapped Knowledge 🔄"
"[Advanced Effect] vibrant_pop","1","0","100.0%","Restricted","Mapped Knowledge 🔄"
"[Advanced Effect] premium_macro","1","0","100.0%","Restricted","Mapped Knowledge 🔄"
"[Advanced Effect] reveal_pop","1","0","100.0%","Restricted","Mapped Knowledge 🔄"
"[Advanced Effect] texture_showcase","1","0","100.0%","Restricted","Needs Remotion Build (Fallback) ⚠️"
"[Advanced Effect] fit_demo","1","0","100.0%","Restricted","Needs Remotion Build (Fallback) ⚠️"
"[Advanced Effect] outro_still","1","0","100.0%","Restricted","Needs Remotion Build (Fallback) ⚠️"
"[Advanced Effect] cinematic_glide_zoom","7","0","100.0%","Safe","Native Remotion ✅"
"[Advanced Effect] macro_push","2","0","100.0%","Restricted","Native Remotion ✅"
"[Advanced Effect] slow_zoom_in","1","0","100.0%","Restricted","Native Remotion ✅"
"[Transition Out] none","7","0","100.0%","Safe","Native Remotion ✅"
"[Advanced Effect] pull_out","1","0","100.0%","Restricted","Native Remotion ✅"
"[Advanced Effect] drift_cam","1","0","100.0%","Restricted","Native Remotion ✅"
"[Advanced Effect] worm_eye_low_angle_push_in","1","0","100.0%","Restricted","Needs Remotion Build (Fallback) ⚠️"
"[Advanced Effect] Satisfying Cut","1","0","100.0%","Restricted","Mapped Knowledge 🔄"
"[Transition Out] paper_rip","2","0","100.0%","Restricted","Native Remotion ✅"
"[Advanced Effect] Macro Push Action","1","0","100.0%","Restricted","Needs Remotion Build (Fallback) ⚠️"
"[Advanced Effect] Fast Cut Glide","1","0","100.0%","Restricted","Needs Remotion Build (Fallback) ⚠️"
"[Transition Out] flip","1","0","100.0%","Restricted","Native Remotion ✅"
"[Advanced Effect] Unroll Reveal","1","0","100.0%","Restricted","Needs Remotion Build (Fallback) ⚠️"
"[Advanced Effect] Epic Slice","1","0","100.0%","Restricted","Needs Remotion Build (Fallback) ⚠️"
"[Advanced Effect] Hero Product Showcase","1","0","100.0%","Restricted","Needs Remotion Build (Fallback) ⚠️"
"[Advanced Effect] Outro Brand Vibe","1","0","100.0%","Restricted","Needs Remotion Build (Fallback) ⚠️"
"[Advanced Effect] Cinematic Glide Zoom","2","0","100.0%","Restricted","Native Remotion ✅"
"[Advanced Effect] Aesthetic Slowmo Velocity","1","0","100.0%","Restricted","Needs Remotion Build (Fallback) ⚠️"
"[Advanced Effect] Drift Glide Effect","1","0","100.0%","Restricted","Needs Remotion Build (Fallback) ⚠️"
"[Advanced Effect] Velocity Optical Flow","1","0","100.0%","Restricted","Needs Remotion Build (Fallback) ⚠️"
"[Advanced Effect] Slow Zoom Focus","1","0","100.0%","Restricted","Needs Remotion Build (Fallback) ⚠️"
"[Advanced Effect] Outro Epic Reveal","1","0","100.0%","Restricted","Needs Remotion Build (Fallback) ⚠️"
"[Advanced Effect] Macro Push","1","0","100.0%","Restricted","Native Remotion ✅"
"[Advanced Effect] Detail Tracking","1","0","100.0%","Restricted","Needs Remotion Build (Fallback) ⚠️"
"[Advanced Effect] Quick Showcase","1","0","100.0%","Restricted","Needs Remotion Build (Fallback) ⚠️"
"[Advanced Effect] Cinematic Glide","1","0","100.0%","Restricted","Needs Remotion Build (Fallback) ⚠️"
"[Advanced Effect] Hook Reveal","1","0","100.0%","Restricted","Needs Remotion Build (Fallback) ⚠️"
"[Advanced Effect] Cinematic Glide Demo","1","0","100.0%","Restricted","Needs Remotion Build (Fallback) ⚠️"
"[Advanced Effect] Macro Stretch Focus","1","0","100.0%","Restricted","Needs Remotion Build (Fallback) ⚠️"
"[Advanced Effect] Glide Demonstration","1","0","100.0%","Restricted","Needs Remotion Build (Fallback) ⚠️"
"[Advanced Effect] Slow Zoom In Detail","1","0","100.0%","Restricted","Needs Remotion Build (Fallback) ⚠️"
"[Advanced Effect] Final Reveal","1","0","100.0%","Restricted","Mapped Knowledge 🔄"
"[Advanced Effect] Tactile Detail","1","0","100.0%","Restricted","Needs Remotion Build (Fallback) ⚠️"
"[Advanced Effect] Luxury Showcase","1","0","100.0%","Restricted","Needs Remotion Build (Fallback) ⚠️"
"[Advanced Effect] Reveal Impact","1","0","100.0%","Restricted","Mapped Knowledge 🔄"
"[Subtitle Style] vibrant_yellow_light","2","0","100.0%","Restricted","Native Remotion ✅"
"[Advanced Effect] Epic Outro Glow","1","0","100.0%","Restricted","Needs Remotion Build (Fallback) ⚠️"
"[Advanced Effect] Macro Focus Boost","1","0","100.0%","Restricted","Needs Remotion Build (Fallback) ⚠️"
"[Advanced Effect] Tactile Precision","1","0","100.0%","Restricted","Needs Remotion Build (Fallback) ⚠️"
"[Advanced Effect] Texture Highlight","1","0","100.0%","Restricted","Needs Remotion Build (Fallback) ⚠️"
"[Advanced Effect] ASMR Assembly Focus","1","0","100.0%","Restricted","Needs Remotion Build (Fallback) ⚠️"
"[Advanced Effect] Final Craft Showcase","1","0","100.0%","Restricted","Needs Remotion Build (Fallback) ⚠️"
