Project ID,Status,Input File,Video Title,Caption & Hashtags,Original Duration,Short Duration,Scene Count,Opening Hook Score,Effects Summary,Output File,Created At,Rendered At
"VID_20260603_180225","🤖 Timeline Ready","/Volumes/home/Photos/MobileBackup/Xiaomi 15T Pro/DCIM/Camera/2026/06/VID_20260603_180225.mp4","Mẹo Làm Sạch Đế Giày Ố Vàng Siêu Nhanh Tại Nhà","Hướng dẫn chi tiết từng bước làm sạch đế giày bị ố vàng bằng dung dịch chuyên dụng và mút xốp cực kỳ đơn giản và hiệu quả. #lamsachgiay #meovat #giaydep #cleaningshoes","","32.0s","6","0.95","Fast Motion, Satisfying Timewarp, Cinematic Zoom, Jump Cuts, Speed Up, Epic Reveal","","2026-07-20 06:52",""
"VID_20260603_180225","❌ Failed","","","","","","","","","","","2026-07-20 06:58"
"VID_20260603_180225","❌ Failed","","","","","","","","","","","2026-07-20 07:03"
"VID_20260603_180225","❌ Failed","","","","","","","","","","","2026-07-20 07:08"
"VID_20260603_180225","🎬 Rendered","/Users/khan/Library/CloudStorage/Nextcloud-ltckha@nc․giayhainancy․vn/Share_Folder/Long2Short/incoming/VID_20260603_180225.mp4","Mẹo Làm Sạch Đế Giày Ố Vàng Siêu Nhanh Tại Nhà","Hướng dẫn chi tiết từng bước làm sạch đế giày bị ố vàng bằng dung dịch chuyên dụng và mút xốp cực kỳ đơn giản và hiệu quả. #lamsachgiay #meovat #giaydep #cleaningshoes","","35.0s","7","0.9","Epic Reveal, Fast Motion, Satisfying Timewarp, Cinematic Zoom, Jump Cuts, Speed Up","/Users/khan/Library/CloudStorage/Nextcloud-ltckha@nc․giayhainancy․vn/Share_Folder/Long2Short/rendered/VID_20260603_180225_final.mp4","","2026-07-20 07:12"
"VID_20260603_180225","🎬 Rendered","/Volumes/home/Photos/MobileBackup/Xiaomi 15T Pro/DCIM/Camera/2026/06/VID_20260603_180225.mp4","Mẹo Làm Sạch Đế Giày Ố Vàng Siêu Nhanh Tại Nhà","Hướng dẫn chi tiết từng bước làm sạch đế giày bị ố vàng bằng dung dịch chuyên dụng và mút xốp cực kỳ đơn giản và hiệu quả. #lamsachgiay #meovat #giaydep #cleaningshoes","01:29","32.0s","6","0.95","Fast Motion, Satisfying Timewarp, Cinematic Zoom, Jump Cuts, Speed Up, Epic Reveal","/archive/VID_20260603_180225/VID_20260603_180225_final.mp4","2026-07-20 14:06","2026-07-20 14:12"
"VID_20260603_180225","🎬 Rendered","/Users/khan/Library/CloudStorage/Nextcloud-ltckha@nc․giayhainancy․vn/Share_Folder/Long2Short/incoming/VID_20260603_180225.mp4","Mẹo Làm Sạch Đế Giày Ố Vàng Siêu Nhanh Tại Nhà","Hướng dẫn chi tiết từng bước làm sạch đế giày bị ố vàng bằng dung dịch chuyên dụng và mút xốp cực kỳ đơn giản và hiệu quả. #lamsachgiay #meovat #giaydep #cleaningshoes","","35.0s","7","0.9","Epic Reveal, Fast Motion, Satisfying Timewarp, Cinematic Zoom, Jump Cuts, Speed Up","/Users/khan/Library/CloudStorage/Nextcloud-ltckha@nc․giayhainancy․vn/Share_Folder/Long2Short/rendered/VID_20260603_180225_final.mp4","","2026-07-20 07:41"
"VID_20260603_180225","🎬 Rendered","/Volumes/home/Photos/MobileBackup/Xiaomi 15T Pro/DCIM/Camera/2026/06/VID_20260603_180225.mp4","Mẹo Làm Sạch Đế Giày Ố Vàng Siêu Nhanh Tại Nhà","Hướng dẫn chi tiết từng bước làm sạch đế giày bị ố vàng... #lamsachgiay #meovat","01:29","32.0s","6","0.95","Fast Motion, Satisfying Timewarp, Epic Reveal","/archive/VID_20260603_180225/VID_20260603_180225_final.mp4","2026-07-20 14:06:44","2026-07-20 14:47:30"
"VID_20260603_180225","🎬 Rendered","/Users/khan/Library/CloudStorage/Nextcloud-ltckha@nc․giayhainancy․vn/Share_Folder/Long2Short/incoming/VID_20260603_180225.mp4","Mẹo Làm Sạch Đế Giày Ố Vàng Siêu Nhanh Tại Nhà","Hướng dẫn chi tiết từng bước làm sạch đế giày bị ố vàng bằng dung dịch chuyên dụng và mút xốp cực kỳ đơn giản và hiệu quả. #lamsachgiay #meovat #giaydep #cleaningshoes","","35.0s","7","0.9","Epic Reveal, Fast Motion, Satisfying Timewarp, Cinematic Zoom, Jump Cuts, Speed Up","/Users/khan/Library/CloudStorage/Nextcloud-ltckha@nc․giayhainancy․vn/Share_Folder/Long2Short/rendered/VID_20260603_180225_final.mp4","","2026-07-20 14:50:07"
"VID_20260603_180225","","/Volumes/home/Photos/MobileBackup/Xiaomi 15T Pro/DCIM/Camera/2026/06/VID_20260603_180225.mp4","","","","","","","","","",""
"VID_20260710_202451","Short2Short","🤖 Timeline Ready","/Volumes/home/Photos/MobileBackup/Xiaomi 15T Pro/DCIM/Camera/2026/07/VID_20260710_202451.mp4","Unboxing Cục Nguồn AC/DC Adapter Siêu Chất Lượng","Cận cảnh đập hộp chiếc adapter nguồn AC/DC chính hãng siêu bền bỉ cho các thiết bị điện tử. #unboxing #adapter #reviewcongnghe #phukien","","33.0s","6","0.1","Fast Motion, Epic Reveal, Smooth Transition, Speed Up, Cinematic Zoom, Satisfying Timewarp","","2026-07-21 15:28:30",""
"VID_20260710_202451","Long2Short","🎬 Rendered","","Unboxing Cục Nguồn AC/DC Adapter Siêu Chất Lượng","Cận cảnh đập hộp chiếc adapter nguồn AC/DC chính hãng siêu bền bỉ cho các thiết bị điện tử. #unboxing #adapter #reviewcongnghe #phukien","","30.0s","5","0.95","Epic Reveal, Smooth Transition, Speed Up, Cinematic Zoom, Satisfying Timewarp","/Users/khan/Developer/Long2Short/rendered/VID_20260710_202451_final.mp4","","2026-07-21 15:29:01"
"VID_20260621_173714","Short2Short","🤖 Timeline Ready","/Volumes/home/Photos/MobileBackup/Xiaomi 15T Pro/DCIM/Camera/2026/06/VID_20260621_173714.mp4","Unboxing Bộ Màu Vẽ Acrylic Marker Siêu Đỉnh","Trải nghiệm khui hộp bộ màu vẽ Marker Acrylic 80 màu cực xịn xò cho bé yêu thỏa sức sáng tạo. #unboxing #markeracrylic #mauve #diy #creativekids","","64.0s","4","0.95","Speed Up, Epic Reveal, Satisfying Timewarp, Glow","","2026-07-21 20:19:22",""
"VID_20260621_173714","Long2Short","🎬 Rendered","","Unboxing Bộ Màu Vẽ Acrylic Marker Siêu Đỉnh","Trải nghiệm khui hộp bộ màu vẽ Marker Acrylic 80 màu cực xịn xò cho bé yêu thỏa sức sáng tạo. #unboxing #markeracrylic #mauve #diy #creativekids","","64.0s","4","0.95","Speed Up, Epic Reveal, Satisfying Timewarp, Glow","/Users/khan/Developer/Auto-Video-Factory/rendered/VID_20260621_173714_final.mp4","","2026-07-21 20:24:51"
"VID_20260622_123701","Long2Short","🤖 Timeline Ready","/Volumes/home/Photos/MobileBackup/Xiaomi 15T Pro/DCIM/Camera/2026/06/VID_20260622_123701.mp4","Trải Nghiệm Đèn LED Nam Châm Thông Minh Điều Khiển Từ Xa","Cận cảnh mở hộp và trải nghiệm chiếc đèn led thông minh tích hợp nam châm cực kỳ tiện lợi cho mọi gia đình. #unboxing #reviewcongnghe #decorphong #tienichthongminh","","38.0s","6","0.95","Satisfying Timewarp, Speed Up, Epic Reveal, Satisfying Snapping, Flash, Cinematic Zoom","","2026-07-22 09:31:47",""
"VID_20260622_123701","Long2Short","🎬 Rendered","","Trải Nghiệm Đèn LED Nam Châm Thông Minh Điều Khiển Từ Xa","Cận cảnh mở hộp và trải nghiệm chiếc đèn led thông minh tích hợp nam châm cực kỳ tiện lợi cho mọi gia đình. #unboxing #reviewcongnghe #decorphong #tienichthongminh","","38.0s","6","0.95","Satisfying Timewarp, Speed Up, Epic Reveal, Satisfying Snapping, Flash, Cinematic Zoom","/Users/khan/Developer/Auto-Video-Factory/rendered/VID_20260622_123701_final.mp4","","2026-07-22 09:32:38"
"VID_20260622_123701","Long2Short","❌ Failed","","","","","","","","","","","2026-07-22 09:32:44"
"VID_20260622_123701","Long2Short","🎬 Rendered","","","","","","","","","/Volumes/Media/Auto-Video-Factory/archive/VID_20260622_123701/VID_20260622_123701_final.mp4","","2026-07-22 09:39:07"
"VID_20260622_123701","Long2Short","","","","","96.0s","","","","","","",""
"VID_20260622_124139","Long2Short","🎬 Rendered","","Trải Nghiệm Đèn LED Cảm Ứng Dán Tường Thông Minh Không Khoan Đục","Giải pháp chiếu sáng thông minh cực chill cho phòng ngủ, bàn học không cần khoan đục với đế nam châm tiện lợi. #denledthongminh #decorphong #gocdecor #tienichgiadinh","","48.0s","5","0.95","Epic Reveal, Speed Up, Cinematic Zoom, Flash, Smooth Transition","/Volumes/Media/Auto-Video-Factory/archive/VID_20260622_124139/VID_20260622_124139_final.mp4","","2026-07-22 10:02:58"
"VID_20260621_173714","Long2Short","","/Volumes/Media/Auto-Video-Factory/archive/VID_20260621_173714/VID_20260621_173714.mp4","","","35.0s","","","","","","",""
"VID_20260622_171725","Long2Short","🎬 Rendered","/Users/khan/Developer/Auto-Video-Factory/incoming/VID_20260622_171725.mp4","Khui Hộp Phụ Kiện Đánh Bóng Mini Siêu Tiện Lợi","Bộ đầu mài nỉ đánh bóng mini chuyên dụng cho dân làm đồ da thủ công và DIY cực kỳ tiện lợi. #diy #handmade #dungcudiy #danhbong #lamdoda","","56.0s","5","0.95","Epic Reveal, Speed Up, Zoom In, Shake, Fast Motion","/Volumes/Media/Auto-Video-Factory/archive/VID_20260622_171725/VID_20260622_171725_final.mp4","","2026-07-22 10:14:19"
"VID_20260621_173714","Long2Short","","/Volumes/home/Photos/MobileBackup/Xiaomi 15T Pro/DCIM/Camera/2026/06/VID_20260621_173714.mp4","","","","","","","","","",""
"20260708_070009","Long2Short","","","","","91.0s","","","","","","",""
"20260708_183534","Long2Short","","","","","99.0s","","","","","","",""
"20260708_193633","Long2Short","","","","","120.0s","","","","","","",""
"20260709_183534","Long2Short","","","","","101.0s","","","","","","",""
"20260709_193633","Long2Short","","","","","133.0s","","","","","","",""
"VID_20260603_180225","Long2Short","","","","","89.0s","","","","","","",""
"VID_20260621_173714","Long2Short","","","","","67.0s","","","","","","",""
"VID_20260622_123701","Long2Short","","","","","96.0s","","","","","","",""
"VID_20260622_124139","Long2Short","","","","","50.5s","","","","","","",""
"VID_20260622_171725","Long2Short","","","","","59.0s","","","","","","",""
"VID_20260710_202451","Long2Short","","","","","33.0s","","","","","","",""
"20260708_070009","Long2Short","","","","","","","","","","","2026-07-22 10:24:06",""
"20260708_183534","Long2Short","","","","","","","","","","","2026-07-22 10:24:08",""
"20260708_193633","Long2Short","","","","","","","","","","","2026-07-22 10:24:11",""
"20260709_183534","Long2Short","","","","","","","","","","","2026-07-22 10:24:13",""
"20260709_193633","Long2Short","","","","","","","","","","","2026-07-22 10:24:15",""
"VID_20260603_180225","Long2Short","","","","","","","","","","","2026-07-22 10:24:18",""
"VID_20260621_173714","Long2Short","","","","","","","","","","","2026-07-22 10:24:20",""
"VID_20260622_123701","Long2Short","","","","","","","","","","","2026-07-22 10:24:23",""
"VID_20260622_124139","Long2Short","","","","","","","","","","","2026-07-22 10:24:25",""
"VID_20260622_171725","Long2Short","","","","","","","","","","","2026-07-22 10:24:27",""
"VID_20260710_202451","Long2Short","","","","","","","","","","","2026-07-22 10:24:29",""
"VID_20260622_171922","Long2Short","🎬 Rendered","","Nghiện Đánh Bóng Da Handmade Siêu Mượt","Quá trình hoàn thiện cạnh bao da cực kỳ thỏa mãn thị giác #leathercraft #satisfying #handmade #diy","34.4s","21.0s","4","0.95","Epic Reveal, Satisfying Timewarp, Glow, Cinematic Zoom","/Volumes/Media/Auto-Video-Factory/archive/VID_20260622_171922/VID_20260622_171922_final.mp4","2026-07-22 13:47:49","2026-07-22 13:48:12"
"VID_20260622_172006","Long2Short","🎬 Rendered","/Volumes/home/Photos/MobileBackup/Xiaomi 15T Pro/DCIM/Camera/2026/06/VID_20260622_172006.mp4","Nghệ thuật hồi sinh ví da đen bóng loáng cực kỳ thỏa mãn","Chiêm ngưỡng quá trình đánh bóng thủ công chiếc ví da bò thật bằng máy mài mini siêu đã mắt. #dathat #handmade #diy #leathercraft #satisfying","21.6s","18.0s","4","0.95","Epic Reveal, Satisfying Timewarp, Speed Up, Glow","/Volumes/Media/Auto-Video-Factory/archive/VID_20260622_172006/VID_20260622_172006_final.mp4","2026-07-22 14:00:01","2026-07-22 14:00:58"
"VID_20260624_092544","Long2Short","🎬 Rendered","/Volumes/home/Photos/MobileBackup/Xiaomi 15T Pro/DCIM/Camera/2026/06/VID_20260624_092544.mp4","Dép đi trong nhà Nest_y siêu êm ái, chống trượt cực đỉnh!","Trải nghiệm đôi dép Nest_y thần thánh, nhẹ êm như đi trên mây, đế chống trượt an toàn, thiết kế tối giản siêu sang. Đảm bảo mê ngay từ lần đầu thử! #depditrongnha #dephanh #dephottrend #sieure #memmai #chongtruot #nest_y #tiktokshop","32.2s","16.5s","4","0.95","Epic Reveal, Zoom In, Satisfying Timewarp, Glow","/Volumes/Media/Auto-Video-Factory/archive/VID_20260624_092544/VID_20260624_092544_final.mp4","2026-07-22 14:45:17","2026-07-22 14:45:38"
"VID_20260624_092630","Long2Short","🎬 Rendered","/Volumes/home/Photos/MobileBackup/Xiaomi 15T Pro/DCIM/Camera/2026/06/VID_20260624_092630.mp4","Review Dép Bánh Mì Gấu Siêu Cưng","Cận cảnh đôi dép bánh mì sticker gấu đáng yêu siêu mềm êm chân cực xinh xắn #depbanhmi #depgau #unbox #giare #depxinh","39.0s","35.0s","7","0.95","Epic Reveal, Speed Up, Zoom In, Shake, Glow, Smooth Transition, Cinematic Zoom","/Volumes/Media/Auto-Video-Factory/archive/VID_20260624_092630/VID_20260624_092630_final.mp4","2026-07-23 10:23:49","2026-07-23 10:24:19"
"VID_20260625_123258","Long2Short","🎬 Rendered","/Volumes/home/Photos/MobileBackup/Xiaomi 15T Pro/DCIM/Camera/2026/06/VID_20260625_123258.mp4","Unbox đèn pha LED 50W siêu sáng | Chiếu sáng sân vườn, nhà xưởng cực đỉnh!","Cùng mình unbox chiếc đèn pha LED 50W IP66 này nhé. Đèn chống nước, siêu bền, sáng rõ, lắp đặt dễ dàng, phù hợp chiếu sáng mọi không gian ngoài trời! #denled #denphaled #50WLED #denchieusangngoaitroi #chongnuocIP66 #unboxing #reviewcongnghe #vatdungthongminh #denpin #tiktokshop","62.8s","61.0s","5","0.8","Glow, Speed Up, Cinematic Zoom, Smooth Transition","/Volumes/Media/Auto-Video-Factory/archive/VID_20260625_123258/VID_20260625_123258_final.mp4","2026-07-23 10:27:48","2026-07-23 10:29:41"
"VID_20260616_113203","Long2Short","🎬 Rendered","/Volumes/home/Photos/MobileBackup/Xiaomi 15T Pro/DCIM/Camera/2026/06/VID_20260616_113203.mp4","Bí Quyết Vệ Sinh Đồ Da Siêu Dễ Dàng","Unboxing và hướng dẫn dưỡng đồ da với hũ sáp dưỡng cao cấp Shoes Up Leather Soap cực kỳ tiện lợi. #shoesup #leathercare #unboxing #meovat #duongdoda","85.6s","38.0s","7","0.9","Cinematic Zoom, Epic Reveal, Satisfying Timewarp, Fast Motion","/Volumes/Media/Auto-Video-Factory/archive/VID_20260616_113203/VID_20260616_113203_final.mp4","2026-07-23 10:48:27","2026-07-23 10:49:58"
"VID_20260617_083357","Long2Short","🎬 Rendered","/Volumes/home/Photos/MobileBackup/Xiaomi 15T Pro/DCIM/Camera/2026/06/VID_20260617_083357.mp4","MẸO LÀM SẠCH GIÀY TÂY DA BÒ CỰC DỄ TẠI NHÀ","Hướng dẫn chi tiết quy trình vệ sinh đôi giày tây da bò sạch bong như mới chỉ bằng các bước đơn giản. #vesinhgiay #chamsocgiay #giaytay #leathercare","188.4s","37.0s","5","0.95","Epic Reveal, Fast Motion, Zoom In, Satisfying Timewarp","/Volumes/Media/Auto-Video-Factory/archive/VID_20260617_083357/VID_20260617_083357_final.mp4","2026-07-25 19:17:55","2026-07-25 19:18:55"
"VID_20260617_083708","Long2Short","🎬 Rendered","/Volumes/home/Photos/MobileBackup/Xiaomi 15T Pro/DCIM/Camera/2026/06/VID_20260617_083708.mp4","Bí Quyết Phục Hồi Giày Da Cũ Như Mới Tại Nhà","Hướng dẫn chi tiết các bước vệ sinh và dưỡng da giày Brogues cực kỳ chuyên nghiệp và đơn giản ngay tại nhà. #leathercare #shoecare #leatherpolish #meovat","70.2s","36.0s","4","0.95","Epic Reveal, Fast Motion, Satisfying Timewarp","/Volumes/Media/Auto-Video-Factory/archive/VID_20260617_083708/VID_20260617_083708_final.mp4","2026-07-25 19:24:58","2026-07-25 19:25:35"
"VID_20260617_083910","Long2Short","🎬 Rendered","/Volumes/home/Photos/MobileBackup/Xiaomi 15T Pro/DCIM/Camera/2026/06/VID_20260617_083910.mp4","Bí Quyết Vệ Sinh Giày Da Tại Nhà Sạch Như Mới","Hướng dẫn chi tiết cách tự làm sạch và bảo dưỡng giày da bò bằng xà bông chuyên dụng cực dễ thực hiện tại nhà. #vesinhgiay #chamsocgiayda #leathercare #shoescare","205.0s","38.0s","6","0.9","Zoom In, Epic Reveal, Satisfying Timewarp, Fast Motion, Speed Up","/Volumes/Media/Auto-Video-Factory/archive/VID_20260617_083910/VID_20260617_083910_final.mp4","2026-07-25 19:35:47","2026-07-25 19:37:11"
"VID_20260617_102737","Long2Short","🎬 Rendered","/Volumes/home/Photos/MobileBackup/Xiaomi 15T Pro/DCIM/Camera/2026/06/VID_20260617_102737.mp4","MẸO XỎ DÂY GIÀY DA CỰC ĐẸP VÀ CHUẨN SANG","Hướng dẫn chi tiết cách xỏ dây giày da song song siêu đơn giản nhưng mang lại vẻ ngoài lịch lãm, gọn gàng cho đôi giày của bạn. #xodaygiay #giayda #fashionhacks #mensstyle","94.0s","34.0s","4","0.95","Epic Reveal, Satisfying Timewarp, Jump Cuts, Glow","/Volumes/Media/Auto-Video-Factory/archive/VID_20260617_102737/VID_20260617_102737_final.mp4","2026-07-25 19:48:45","2026-07-25 19:49:26"
"VID_20260617_102942","Long2Short","🎬 Rendered","/Volumes/home/Photos/MobileBackup/Xiaomi 15T Pro/DCIM/Camera/2026/06/VID_20260617_102942.mp4","MẸO BUỘC DÂY GIÀY TÂY CỰC ĐẸP","Hướng dẫn chi tiết cách buộc dây giày tây da bò cực sang xịn mịn cho quý ông. #buocdaygiay #mensstyle #fashionhacks #giaytay","111.8s","38.0s","6","0.9","Cinematic Zoom, Zoom In, Speed Up, Jump Cuts, Epic Reveal","/Volumes/Media/Auto-Video-Factory/archive/VID_20260617_102942/VID_20260617_102942_final.mp4","2026-07-25 20:00:49","2026-07-25 20:01:26"
"VID_20260705_095547","Long2Short","🎬 Rendered","/Volumes/home/Photos/MobileBackup/Xiaomi 15T Pro/DCIM/Camera/2026/07/VID_20260705_095547.mp4","Unboxing Bộ Đồ Spiderman Siêu Nhân Nhện Cho Bé","Chi tiết kịch bản khui hộp bộ quần áo hóa trang Người Nhện cực ngầu kèm phụ kiện găng tay phóng tơ độc lạ cho bé. #unboxing #spiderman #dochoichobe #nguoinhen","99.9s","32.0s","6","0.95","Epic Reveal, Jump Cuts, Glow, Satisfying Timewarp, Cinematic Zoom, Fast Motion","/Volumes/Media/Auto-Video-Factory/archive/VID_20260705_095547/VID_20260705_095547_final.mp4","2026-07-27 19:35:50","2026-07-27 19:36:58"
"VID_20260710_202451","Long2Short","🎬 Rendered","/Volumes/home/Photos/MobileBackup/Xiaomi 15T Pro/DCIM/Camera/2026/07/VID_20260710_202451.mp4","Unbox Củ Sạc Đa Năng - Khám Phá Sức Mạnh Sạc Nhanh!","Cùng mình đập hộp và khám phá củ sạc đa năng tiện lợi này nhé. Thiết kế gọn gàng, sạc nhanh và an toàn cho mọi thiết bị! #unboxing #sacnhanh #phukiencongnghe #daunang #shortsviral #review","33.4s","30.2s","6","0.8","Cinematic Zoom, Flash, Satisfying Timewarp, Epic Reveal, Smooth Transition","/Volumes/Media/Auto-Video-Factory/archive/VID_20260710_202451/VID_20260710_202451_final.mp4","2026-07-28 19:20:52","2026-07-28 19:22:51"
"VID_20260710_202451","Long2Short","🎬 Rendered","/Volumes/home/Photos/MobileBackup/Xiaomi 15T Pro/DCIM/Camera/2026/07/VID_20260710_202451.mp4","Unbox Củ Sạc Đa Năng - Khám Phá Sức Mạnh Sạc Nhanh!","Cùng mình đập hộp và khám phá củ sạc đa năng tiện lợi này nhé. Thiết kế gọn gàng, sạc nhanh và an toàn cho mọi thiết bị! #unboxing #sacnhanh #phukiencongnghe #daunang #shortsviral #review","33.4s","30.2s","6","0.8","Cinematic Zoom, Flash, Satisfying Timewarp, Epic Reveal, Smooth Transition","/Volumes/Media/Auto-Video-Factory/archive/VID_20260710_202451/VID_20260710_202451_final.mp4","2026-07-28 19:20:52","2026-07-28 19:27:42"
"VID_20260710_202923","Long2Short","🎬 Rendered","/Volumes/home/Photos/MobileBackup/Xiaomi 15T Pro/DCIM/Camera/2026/07/VID_20260710_202923.mp4","Unbox Set Phụ Kiện Điện Thùy Dung Siêu Chất Lượng","Cứ tưởng hộp bóng đèn hóa ra bên trong là cả bầu trời phụ kiện siêu xịn sò từ nhựa Thùy Dung cực bền bỉ! #phukiendien #thuydung #reviewgiadung #tienichgiadinh","63.6s","16.0s","4","0.95","Epic Reveal, Zoom In, Shake, Satisfying Timewarp","/Volumes/Media/Auto-Video-Factory/archive/VID_20260710_202923/VID_20260710_202923_final.mp4","2026-07-29 19:02:21","2026-07-29 19:02:40"
"VID_20260711_105406","Long2Short","🎬 Rendered","/Volumes/home/Photos/MobileBackup/Xiaomi 15T Pro/DCIM/Camera/2026/07/VID_20260711_105406.mp4","Đập hộp máy làm bánh Elmich siêu xinh","Chiêm ngưỡng chiếc máy làm bánh sandwich, waffle đa năng cực tiện lợi cho căn bếp. #unboxing #reviewgiadung #maylambanh #elmich #decorbep","131.2s","34.0s","7","0.8","Cinematic Zoom, Fast Motion, Epic Reveal, Zoom In","/Volumes/Media/Auto-Video-Factory/archive/VID_20260711_105406/VID_20260711_105406_final.mp4","2026-07-29 19:08:43","2026-07-29 19:20:28"
"VID_20260711_105406","Long2Short","🎬 Rendered","/Volumes/home/Photos/MobileBackup/Xiaomi 15T Pro/DCIM/Camera/2026/07/VID_20260711_105406.mp4","Đập hộp máy làm bánh Elmich siêu xinh","Chiêm ngưỡng chiếc máy làm bánh sandwich, waffle đa năng cực tiện lợi cho căn bếp. #unboxing #reviewgiadung #maylambanh #elmich #decorbep","131.2s","34.0s","7","0.8","Cinematic Zoom, Fast Motion, Epic Reveal, Zoom In","/Volumes/Media/Auto-Video-Factory/archive/VID_20260711_105406/VID_20260711_105406_final.mp4","2026-07-29 19:08:43","2026-07-29 19:34:07"
"VID_20260711_105406","Long2Short","🎬 Rendered","/Volumes/home/Photos/MobileBackup/Xiaomi 15T Pro/DCIM/Camera/2026/07/VID_20260711_105406.mp4","Đập hộp máy làm bánh Elmich siêu xinh","Chiêm ngưỡng chiếc máy làm bánh sandwich, waffle đa năng cực tiện lợi cho căn bếp. #unboxing #reviewgiadung #maylambanh #elmich #decorbep","131.2s","34.0s","7","0.8","Cinematic Zoom, Fast Motion, Epic Reveal, Zoom In","/Volumes/Media/Auto-Video-Factory/archive/VID_20260711_105406/VID_20260711_105406_final.mp4","2026-07-29 19:08:43","2026-07-29 19:38:18"
"VID_20260712_101525","Short2Short","🤖 Timeline Ready","/Volumes/home/Photos/MobileBackup/Xiaomi 15T Pro/DCIM/Camera/2026/07/VID_20260712_101525.mp4","Băng Keo Y Tế Chống Thấm Nước Siêu Xịn","Bóc hộp cuộn băng keo y tế chống thấm nước có màng trong suốt bám dính cực tốt, có sẵn vạch chia ô cực tiện lợi. #bangkeoyte #chongthamnuoc #reviewgiadung #tienichgiadinh","60.8s","21.5s","4","0.95","Epic Reveal, Zoom In, Cinematic Zoom, Flash","","2026-07-29 19:44:51",""
"VID_20260712_101525","Long2Short","🎬 Rendered","/Volumes/home/Photos/MobileBackup/Xiaomi 15T Pro/DCIM/Camera/2026/07/VID_20260712_101525.mp4","Băng Keo Y Tế Chống Thấm Nước Siêu Xịn","Bóc hộp cuộn băng keo y tế chống thấm nước có màng trong suốt bám dính cực tốt, có sẵn vạch chia ô cực tiện lợi. #bangkeoyte #chongthamnuoc #reviewgiadung #tienichgiadinh","60.8s","21.5s","4","0.95","Epic Reveal, Zoom In, Cinematic Zoom, Flash","/Volumes/Media/Auto-Video-Factory/archive/VID_20260712_101525/VID_20260712_101525_final.mp4","2026-07-29 19:44:51","2026-07-29 19:46:43"
"VID_20260712_101652","Short2Short","🤖 Timeline Ready","/Volumes/home/Photos/MobileBackup/Xiaomi 15T Pro/DCIM/Camera/2026/07/VID_20260712_101652.mp4","Vòi Sen Tăng Áp Măt Siêu To Khổng Lồ Cực Đã","Unboxing vòi sen tăng áp xám xịn xò mặt siêu rộng tắm siêu phê #voisen #reviewgiadung #unboxing #dodunggiadinh","36.5s","36.0s","5","0.1","Jump Cuts, Fast Motion, Epic Reveal, Cinematic Zoom, Glow","","2026-07-31 12:30:04",""
"VID_20260712_101652","Long2Short","🎬 Rendered","/Volumes/home/Photos/MobileBackup/Xiaomi 15T Pro/DCIM/Camera/2026/07/VID_20260712_101652.mp4","Vòi Sen Tăng Áp Măt Siêu To Khổng Lồ Cực Đã","Unboxing vòi sen tăng áp xám xịn xò mặt siêu rộng tắm siêu phê #voisen #reviewgiadung #unboxing #dodunggiadinh","36.5s","15.0s","3","0.95","Epic Reveal, Cinematic Zoom, Glow","/Volumes/Media/Auto-Video-Factory/archive/VID_20260712_101652/VID_20260712_101652_final.mp4","2026-07-31 12:30:04","2026-07-31 12:30:31"
"VID_20260712_151050","Long2Short","🤖 Timeline Ready","/Volumes/home/Photos/MobileBackup/Xiaomi 15T Pro/DCIM/Camera/2026/07/VID_20260712_151050.mp4","Unboxing Cây Giữ Phom Giày Tây Shoe Tree Gỗ Tự Nhiên","Đập hộp và trải nghiệm chi tiết cây giữ phom giày tây gỗ tự nhiên lò xo kép cực xịn. #unboxing #shoetree #chamsocgiay #giaytay #mensfashion","141.4s","31.0s","7","0.2","Fast Motion, Zoom In, Satisfying Timewarp, Epic Reveal, Cinematic Zoom, Shake, Flash","","2026-07-31 12:37:14",""
"VID_20260712_151050","Long2Short","🎬 Rendered","/Volumes/home/Photos/MobileBackup/Xiaomi 15T Pro/DCIM/Camera/2026/07/VID_20260712_151050.mp4","Unboxing Cây Giữ Phom Giày Tây Shoe Tree Gỗ Tự Nhiên","Đập hộp và trải nghiệm chi tiết cây giữ phom giày tây gỗ tự nhiên lò xo kép cực xịn. #unboxing #shoetree #chamsocgiay #giaytay #mensfashion","141.4s","33.0s","7","0.85","Flash, Zoom In, Satisfying Timewarp, Epic Reveal, Cinematic Zoom, Shake","/Volumes/Media/Auto-Video-Factory/archive/VID_20260712_151050/VID_20260712_151050_final.mp4","2026-07-31 12:37:14","2026-07-31 12:38:00"
"combined_master_1785730317556","Short2Short","🤖 Timeline Ready","/Users/khan/Developer/Auto-Video-Factory/incoming/temp_concat/combined_master_1785730317556.mp4","Phối đồ Vintage Nhẹ Nhàng Cùng Váy Linen","Gợi ý outfit phong cách vintage cổ điển với đầm linen dáng xòe và dép phối màu cực xinh. #vintagefashion #damlinen #outfitof-the-day #phoidochill","16.1s","16.0s","4","0.3","Jump Cuts, Epic Reveal, Cinematic Zoom, Smooth Transition","","2026-08-03 11:13:00",""
"combined_master_1785730317556","Long2Short","🎬 Rendered","/Users/khan/Developer/Auto-Video-Factory/incoming/temp_concat/combined_master_1785730317556.mp4","Phối đồ Vintage Nhẹ Nhàng Cùng Váy Linen","Gợi ý outfit phong cách vintage cổ điển với đầm linen dáng xòe và dép phối màu cực xinh. #vintagefashion #damlinen #outfitof-the-day #phoidochill","16.1s","13.0s","3","0.9","Epic Reveal, Cinematic Zoom, Smooth Transition","/Volumes/Media/Auto-Video-Factory/archive/combined_master_1785730317556/combined_master_1785730317556_final.mp4","2026-08-03 11:13:00","2026-08-03 11:13:19"
"DJI_20260323085451_0008_D_short01","Long2Short","🎬 Rendered","/Volumes/Media/Camera/OsmoNano/202603/DJI_20260323085451_0008_D.MP4","Chuẩn Bị Dụng Cụ & Pha Màu Nhuộm Giày Da","Hướng dẫn chi tiết quy trình chuẩn bị dụng cụ, pha màu nhuộm và thao tác làm mới đôi giày da cũ chuyên nghiệp. #phuchoigiayda #meohaycuocsong #dothucong #chamsocgiay","285.4s","18.0s","5","0.9","Fast Motion, Cinematic Zoom, Satisfying Timewarp, Speed Up, Epic Reveal","/Volumes/Media/Auto-Video-Factory/archive/DJI_20260323085451_0008_D_short01/DJI_20260323085451_0008_D_short01_final.mp4","2026-08-03 11:28:22","2026-08-03 11:38:13"
"DJI_20260323085451_0008_D_short02","Long2Short","🎬 Rendered","/Volumes/Media/Camera/OsmoNano/202603/DJI_20260323085451_0008_D.MP4","Kỹ Thuật Nhuộm & Dặm Màu Bề Mặt Giày Da","Hướng dẫn chi tiết kỹ thuật dùng mút xốp dặm màu cho đôi giày da đều màu, lên vân cực chuẩn và tự nhiên. #nhuomgiayda #dammaugiay #chamsocgiayda #handmade","285.4s","14.0s","4","0.95","Zoom In, Fast Motion, Satisfying Timewarp, Epic Reveal","/Volumes/Media/Auto-Video-Factory/archive/DJI_20260323085451_0008_D_short02/DJI_20260323085451_0008_D_short02_final.mp4","2026-08-03 11:29:23","2026-08-03 11:38:49"
"DJI_20260323085451_0008_D_short03","Long2Short","🎬 Rendered","/Volumes/Media/Camera/OsmoNano/202603/DJI_20260323085451_0008_D.MP4","Đánh Bóng Viền & Hoàn Thiện Bề Mặt Giày Da Thủ Công","Quy trình chăm chuốt đánh bóng viền mép và khôi phục bề mặt da giày chuẩn thủ công chuyên nghiệp. #giayda #danhbonggiay #chamsocgiayda #thucong #leathercraft","285.4s","25.0s","5","0.9","Epic Reveal, Zoom In, Satisfying Timewarp, Glow","/Volumes/Media/Auto-Video-Factory/archive/DJI_20260323085451_0008_D_short03/DJI_20260323085451_0008_D_short03_final.mp4","2026-08-03 11:30:17","2026-08-03 11:39:33"
"VID_20260713_090349","Short2Short","🤖 Timeline Ready","/Volumes/home/Photos/MobileBackup/Xiaomi 15T Pro/DCIM/Camera/2026/07/VID_20260713_090349.mp4","Mở Hộp Khám Phá LineaBon K2+D3 Tăng Chiều Cao Cho Bé","Unboxing xịn xò LineaBon K2+D3 nhập khẩu chính hãng cùng quà tặng hấp dẫn. Kiểm tra tem chống hàng giả cực nét! #lineabon #k2d3 #unboxing #tangchieucao #chamsocbe","78.3s","72.0s","7","0.2","Fast Motion, Epic Reveal, Satisfying Timewarp, Glow, Zoom In, Cinematic Zoom, Smooth Transition","","2026-08-03 18:30:08",""
"VID_20260713_090349","Long2Short","🎬 Rendered","/Volumes/home/Photos/MobileBackup/Xiaomi 15T Pro/DCIM/Camera/2026/07/VID_20260713_090349.mp4","Mở Hộp Khám Phá LineaBon K2+D3 Tăng Chiều Cao Cho Bé","Unboxing xịn xò LineaBon K2+D3 nhập khẩu chính hãng cùng quà tặng hấp dẫn. Kiểm tra tem chống hàng giả cực nét! #lineabon #k2d3 #unboxing #tangchieucao #chamsocbe","78.3s","33.0s","5","0.75","Cinematic Zoom, Epic Reveal, Glow, Smooth Transition","/Volumes/Media/Auto-Video-Factory/archive/VID_20260713_090349/VID_20260713_090349_final.mp4","2026-08-03 18:30:08","2026-08-03 18:31:09"
"IMG_20251029_200932","Short2Short","🤖 Timeline Ready","/Volumes/home/Photos/MobileBackup/Xiaomi 15T Pro/DCIM/Camera/2025/10/IMG_20251029_200932.mp4","Ngắm Toàn Cảnh Bukit Bintang Đêm Rực Rỡ Từ Trên Cao","Khám phá góc nhìn cực chill toàn cảnh phố đêm Bukit Bintang và đài phun nước cầu vồng tuyệt đẹp tại Starhill. #BukitBintang #KualaLumpur #Nightlife #TravelTikTok #ShortFormContent","28.7s","28.0s","5","0.3","Smooth Transition, Epic Reveal, Satisfying Timewarp, Cinematic Zoom, Glow","","2026-08-04 19:04:09",""
"IMG_20251029_200932","Long2Short","🎬 Rendered","/Volumes/home/Photos/MobileBackup/Xiaomi 15T Pro/DCIM/Camera/2025/10/IMG_20251029_200932.mp4","Ngắm Toàn Cảnh Bukit Bintang Đêm Rực Rỡ Từ Trên Cao","Khám phá góc nhìn cực chill toàn cảnh phố đêm Bukit Bintang và đài phun nước cầu vồng tuyệt đẹp tại Starhill. #BukitBintang #KualaLumpur #Nightlife #TravelTikTok #ShortFormContent","28.7s","25.0s","4","0.92","Epic Reveal, Satisfying Timewarp, Cinematic Zoom, Glow","/Volumes/Media/Auto-Video-Factory/archive/IMG_20251029_200932/IMG_20251029_200932_final.mp4","2026-08-04 19:04:09","2026-08-04 19:05:18"
"IMG_20251029_200932","Short2Short","🤖 Timeline Ready","/Volumes/home/Photos/MobileBackup/Xiaomi 15T Pro/DCIM/Camera/2025/10/IMG_20251029_200932.mp4","Ngắm Toàn Cảnh Đêm Bukit Bintang Sôi Động Từ Trên Cao","Khám phá khung cảnh đêm rực rỡ lung linh tại Kuala Lumpur với tháp LED nghệ thuật và dòng người nhộn nhịp. #BukitBintang #KualaLumpur #MalaysiaTravel #NightLife #ShortFormViral","28.7s","28.0s","4","0.3","Glow, Epic Reveal, Fast Motion, Cinematic Zoom","","2026-08-04 19:29:07",""
"IMG_20251029_200932","Long2Short","🎬 Rendered","/Volumes/home/Photos/MobileBackup/Xiaomi 15T Pro/DCIM/Camera/2025/10/IMG_20251029_200932.mp4","Ngắm Toàn Cảnh Đêm Bukit Bintang Sôi Động Từ Trên Cao","Khám phá khung cảnh đêm rực rỡ lung linh tại Kuala Lumpur với tháp LED nghệ thuật và dòng người nhộn nhịp. #BukitBintang #KualaLumpur #MalaysiaTravel #NightLife #ShortFormViral","28.7s","25.0s","3","0.92","Epic Reveal, Fast Motion, Cinematic Zoom","/Volumes/Media/Auto-Video-Factory/archive/IMG_20251029_200932/IMG_20251029_200932_final.mp4","2026-08-04 19:29:07","2026-08-04 19:30:17"
"IMG_20251029_200932","Long2Short","🎬 Rendered","/Volumes/home/Photos/MobileBackup/Xiaomi 15T Pro/DCIM/Camera/2025/10/IMG_20251029_200932.mp4","Ngắm Toàn Cảnh Đêm Bukit Bintang Sôi Động Từ Trên Cao","Khám phá khung cảnh đêm rực rỡ lung linh tại Kuala Lumpur với tháp LED nghệ thuật và dòng người nhộn nhịp. #BukitBintang #KualaLumpur #MalaysiaTravel #NightLife #ShortFormViral","28.7s","25.0s","3","0.92","Epic Reveal, Fast Motion, Cinematic Zoom","/Volumes/Media/Auto-Video-Factory/archive/IMG_20251029_200932/IMG_20251029_200932_final.mp4","2026-08-04 19:29:07","2026-08-04 19:31:07"
"IMG_20251029_200932","Long2Short","🎬 Rendered","/Volumes/home/Photos/MobileBackup/Xiaomi 15T Pro/DCIM/Camera/2025/10/IMG_20251029_200932.mp4","Ngắm Toàn Cảnh Đêm Bukit Bintang Sôi Động Từ Trên Cao","Khám phá khung cảnh đêm rực rỡ lung linh tại Kuala Lumpur với tháp LED nghệ thuật và dòng người nhộn nhịp. #BukitBintang #KualaLumpur #MalaysiaTravel #NightLife #ShortFormViral","28.7s","25.0s","3","0.92","Epic Reveal, Fast Motion, Cinematic Zoom","/Volumes/Media/Auto-Video-Factory/archive/IMG_20251029_200932/IMG_20251029_200932_final.mp4","2026-08-04 19:29:07","2026-08-04 19:35:19"
"IMG_20251029_200932","Long2Short","🎬 Rendered","/Volumes/home/Photos/MobileBackup/Xiaomi 15T Pro/DCIM/Camera/2025/10/IMG_20251029_200932.mp4","Ngắm Toàn Cảnh Đêm Bukit Bintang Sôi Động Từ Trên Cao","Khám phá khung cảnh đêm rực rỡ lung linh tại Kuala Lumpur với tháp LED nghệ thuật và dòng người nhộn nhịp. #BukitBintang #KualaLumpur #MalaysiaTravel #NightLife #ShortFormViral","28.7s","25.0s","3","0.92","Epic Reveal, Fast Motion, Cinematic Zoom","/Volumes/Media/Auto-Video-Factory/archive/IMG_20251029_200932/IMG_20251029_200932_final.mp4","2026-08-04 19:29:07","2026-08-04 19:39:58"
"IMG_20251029_200932","Long2Short","🎬 Rendered","/Volumes/home/Photos/MobileBackup/Xiaomi 15T Pro/DCIM/Camera/2025/10/IMG_20251029_200932.mp4","Ngắm Toàn Cảnh Đêm Bukit Bintang Sôi Động Từ Trên Cao","Khám phá khung cảnh đêm rực rỡ lung linh tại Kuala Lumpur với tháp LED nghệ thuật và dòng người nhộn nhịp. #BukitBintang #KualaLumpur #MalaysiaTravel #NightLife #ShortFormViral","28.7s","25.0s","3","0.92","Epic Reveal, Fast Motion, Cinematic Zoom","/Volumes/Media/Auto-Video-Factory/archive/IMG_20251029_200932/IMG_20251029_200932_final.mp4","2026-08-04 19:29:07","2026-08-04 19:54:45"
"IMG_20251029_200932","Short2Short","🤖 Timeline Ready","/Volumes/home/Photos/MobileBackup/Xiaomi 15T Pro/DCIM/Camera/2025/10/IMG_20251029_200932.mp4","Khám Phá Đêm Kỳ Diệu Tại Đô Thị Sầm Uất","Góc nhìn toàn cảnh lung linh từ trên cao xuống đài phun nước rực rỡ sắc màu Starhill. #nightlife #cityview #starhill #travel #vibes","28.7s","28.0s","5","0.4","Cinematic Zoom, Epic Reveal, Glow, Satisfying Timewarp, Smooth Transition","","2026-08-04 20:00:46",""
"IMG_20251029_200932","Long2Short","🎬 Rendered","/Volumes/home/Photos/MobileBackup/Xiaomi 15T Pro/DCIM/Camera/2025/10/IMG_20251029_200932.mp4","Khám Phá Đêm Kỳ Diệu Tại Đô Thị Sầm Uất","Góc nhìn toàn cảnh lung linh từ trên cao xuống đài phun nước rực rỡ sắc màu Starhill. #nightlife #cityview #starhill #travel #vibes","28.7s","25.0s","4","0.92","Epic Reveal, Glow, Satisfying Timewarp, Smooth Transition","/Volumes/Media/Auto-Video-Factory/archive/IMG_20251029_200932/IMG_20251029_200932_final.mp4","2026-08-04 20:00:46","2026-08-04 20:03:38"
"VID_20260719_175514","Long2Short","🤖 Timeline Ready","/Volumes/home/Photos/MobileBackup/Xiaomi 15T Pro/DCIM/Camera/2026/07/VID_20260719_175514.mp4","Đập Hộp Bộ Vòi Sen Tắm Inox Cao Cấp Siêu Sáng Bóng","Cùng trải nghiệm và đánh giá chi tiết bộ vòi sen tắm inox nguyên khối đầy đủ phụ kiện cho phòng tắm hiện đại. #voisen #thietbivesinh #reviewdoGiadung #unboxing","92.3s","32.0s","6","0.95","Epic Reveal, Speed Up, Glow, Zoom In, Smooth Transition, Cinematic Zoom","","2026-08-04 20:10:06",""
"VID_20260719_175514","Long2Short","🎬 Rendered","/Volumes/home/Photos/MobileBackup/Xiaomi 15T Pro/DCIM/Camera/2026/07/VID_20260719_175514.mp4","Đập Hộp Bộ Vòi Sen Tắm Inox Cao Cấp Siêu Sáng Bóng","Cùng trải nghiệm và đánh giá chi tiết bộ vòi sen tắm inox nguyên khối đầy đủ phụ kiện cho phòng tắm hiện đại. #voisen #thietbivesinh #reviewdoGiadung #unboxing","92.3s","30.0s","5","0.95","Epic Reveal, Glow, Zoom In, Smooth Transition, Cinematic Zoom","/Volumes/Media/Auto-Video-Factory/archive/VID_20260719_175514/VID_20260719_175514_final.mp4","2026-08-04 20:10:06","2026-08-04 20:10:39"
"IMG_20251029_200932","Short2Short","🤖 Timeline Ready","/Volumes/home/Photos/MobileBackup/Xiaomi 15T Pro/DCIM/Camera/2025/10/IMG_20251029_200932.mp4","Ngắm Toàn Cảnh Phố Đêm Starhill Rực Rỡ Từ Trên Cao","Trải nghiệm không gian đêm vô cùng sầm uất với đài phun nước LED cầu vồng độc đáo tại trung tâm Starhill. #nightlife #starhill #travel #citylights #dulich","28.7s","28.0s","5","0.2","Static Intro Pass, Cinematic City Reveal, Neon Color Pulse, Urban Flow Energy, Outro Flare Focus","","2026-08-04 20:33:11",""
"IMG_20251029_200932","Long2Short","🎬 Rendered","/Volumes/home/Photos/MobileBackup/Xiaomi 15T Pro/DCIM/Camera/2025/10/IMG_20251029_200932.mp4","Ngắm Toàn Cảnh Phố Đêm Starhill Rực Rỡ Từ Trên Cao","Trải nghiệm không gian đêm vô cùng sầm uất với đài phun nước LED cầu vồng độc đáo tại trung tâm Starhill. #nightlife #starhill #travel #citylights #dulich","28.7s","25.0s","4","0.92","Cinematic City Reveal, Neon Color Pulse, Urban Flow Energy, Outro Flare Focus","/Volumes/Media/Auto-Video-Factory/archive/IMG_20251029_200932/IMG_20251029_200932_final.mp4","2026-08-04 20:33:11","2026-08-04 20:35:23"
"IMG_20251029_200932","Long2Short","🎬 Rendered","/Volumes/home/Photos/MobileBackup/Xiaomi 15T Pro/DCIM/Camera/2025/10/IMG_20251029_200932.mp4","Ngắm Toàn Cảnh Phố Đêm Starhill Rực Rỡ Từ Trên Cao","Trải nghiệm không gian đêm vô cùng sầm uất với đài phun nước LED cầu vồng độc đáo tại trung tâm Starhill. #nightlife #starhill #travel #citylights #dulich","28.7s","25.0s","4","0.92","Cinematic City Reveal, Neon Color Pulse, Urban Flow Energy, Outro Flare Focus","/Volumes/Media/Auto-Video-Factory/archive/IMG_20251029_200932/IMG_20251029_200932_final.mp4","2026-08-04 20:33:11","2026-08-04 20:37:46"
"IMG_20251029_200932","Long2Short","🎬 Rendered","/Volumes/home/Photos/MobileBackup/Xiaomi 15T Pro/DCIM/Camera/2025/10/IMG_20251029_200932.mp4","Ngắm Toàn Cảnh Phố Đêm Starhill Rực Rỡ Từ Trên Cao","Trải nghiệm không gian đêm vô cùng sầm uất với đài phun nước LED cầu vồng độc đáo tại trung tâm Starhill. #nightlife #starhill #travel #citylights #dulich","28.7s","25.0s","4","0.92","Cinematic City Reveal, Neon Color Pulse, Urban Flow Energy, Outro Flare Focus","/Volumes/Media/Auto-Video-Factory/archive/IMG_20251029_200932/IMG_20251029_200932_final.mp4","2026-08-04 20:33:11","2026-08-04 20:39:56"
"IMG_20251029_200932","Long2Short","🎬 Rendered","/Volumes/home/Photos/MobileBackup/Xiaomi 15T Pro/DCIM/Camera/2025/10/IMG_20251029_200932.mp4","Ngắm Toàn Cảnh Phố Đêm Starhill Rực Rỡ Từ Trên Cao","Trải nghiệm không gian đêm vô cùng sầm uất với đài phun nước LED cầu vồng độc đáo tại trung tâm Starhill. #nightlife #starhill #travel #citylights #dulich","28.7s","25.0s","4","0.92","Cinematic City Reveal, Neon Color Pulse, Urban Flow Energy, Outro Flare Focus","/Volumes/Media/Auto-Video-Factory/archive/IMG_20251029_200932/IMG_20251029_200932_final.mp4","2026-08-04 20:33:11","2026-08-04 20:41:56"
"IMG_20251029_200932","Short2Short","🤖 Timeline Ready","/Volumes/home/Photos/MobileBackup/Xiaomi 15T Pro/DCIM/Camera/2025/10/IMG_20251029_200932.mp4","Ngắm Toàn Cảnh Bukit Bintang Kuala Lumpur Về Đêm Rực Rỡ","Trải nghiệm góc nhìn từ trên cao xuống con phố Bukit Bintang sầm uất tại Kuala Lumpur với đài phun nước đổi màu tuyệt đẹp. #KualaLumpur #BukitBintang #MalaysiaTravel #NightLife #CityView","28.7s","28.0s","3","0.92","City_Glow_Impact, Urban_Pulse, Night_Light_Showcase","","2026-08-04 20:47:05",""
"IMG_20251029_200932","Long2Short","🎬 Rendered","/Volumes/home/Photos/MobileBackup/Xiaomi 15T Pro/DCIM/Camera/2025/10/IMG_20251029_200932.mp4","Ngắm Toàn Cảnh Bukit Bintang Kuala Lumpur Về Đêm Rực Rỡ","Trải nghiệm góc nhìn từ trên cao xuống con phố Bukit Bintang sầm uất tại Kuala Lumpur với đài phun nước đổi màu tuyệt đẹp. #KualaLumpur #BukitBintang #MalaysiaTravel #NightLife #CityView","28.7s","28.0s","3","0.92","City_Glow_Impact, Urban_Pulse, Night_Light_Showcase","/Volumes/Media/Auto-Video-Factory/archive/IMG_20251029_200932/IMG_20251029_200932_final.mp4","2026-08-04 20:47:05","2026-08-04 20:47:38"
"VID_20260719_175727","Short2Short","🤖 Timeline Ready","/Volumes/home/Photos/MobileBackup/Xiaomi 15T Pro/DCIM/Camera/2026/07/VID_20260719_175727.mp4","Bộ Sạc Adapter Đa Năng Chất Lượng Cho Laptop","Cục sạc adapter nguồn chuẩn đét, có đèn báo tín hiệu cực tiện lợi! #saclaptop #adapter #congnghe #unboxing","45.5s","16.5s","5","0.2","Fast Cut, Reveal Impact, Detail Focus, LED Power Test, Showcase Final","","2026-08-04 20:52:11",""
"VID_20260719_175727","Long2Short","🎬 Rendered","/Volumes/home/Photos/MobileBackup/Xiaomi 15T Pro/DCIM/Camera/2026/07/VID_20260719_175727.mp4","Bộ Sạc Adapter Đa Năng Chất Lượng Cho Laptop","Cục sạc adapter nguồn chuẩn đét, có đèn báo tín hiệu cực tiện lợi! #saclaptop #adapter #congnghe #unboxing","45.5s","13.5s","4","0.92","Reveal Impact, Detail Focus, LED Power Test, Showcase Final","/Volumes/Media/Auto-Video-Factory/archive/VID_20260719_175727/VID_20260719_175727_final.mp4","2026-08-04 20:52:11","2026-08-04 20:52:29"
"IMG_20251029_200932","Long2Short","🎬 Rendered","/Volumes/home/Photos/MobileBackup/Xiaomi 15T Pro/DCIM/Camera/2025/10/IMG_20251029_200932.mp4","Ngắm Toàn Cảnh Bukit Bintang Kuala Lumpur Về Đêm Rực Rỡ","Trải nghiệm góc nhìn từ trên cao xuống con phố Bukit Bintang sầm uất tại Kuala Lumpur với đài phun nước đổi màu tuyệt đẹp. #KualaLumpur #BukitBintang #MalaysiaTravel #NightLife #CityView","28.7s","28.0s","3","0.92","City_Glow_Impact, Urban_Pulse, Night_Light_Showcase","/Volumes/Media/Auto-Video-Factory/archive/IMG_20251029_200932/IMG_20251029_200932_final.mp4","2026-08-04 20:47:05","2026-08-05 10:11:10"
"IMG_20251029_200932","Long2Short","🎬 Rendered","/Volumes/home/Photos/MobileBackup/Xiaomi 15T Pro/DCIM/Camera/2025/10/IMG_20251029_200932.mp4","Ngắm Toàn Cảnh Bukit Bintang Kuala Lumpur Về Đêm Rực Rỡ","Trải nghiệm góc nhìn từ trên cao xuống con phố Bukit Bintang sầm uất tại Kuala Lumpur với đài phun nước đổi màu tuyệt đẹp. #KualaLumpur #BukitBintang #MalaysiaTravel #NightLife #CityView","28.7s","28.0s","3","0.92","City_Glow_Impact, Urban_Pulse, Night_Light_Showcase","/Volumes/Media/Auto-Video-Factory/archive/IMG_20251029_200932/IMG_20251029_200932_final.mp4","2026-08-04 20:47:05","2026-08-05 10:19:00"
"IMG_20251029_200932","Long2Short","🎬 Rendered","/Volumes/home/Photos/MobileBackup/Xiaomi 15T Pro/DCIM/Camera/2025/10/IMG_20251029_200932.mp4","Ngắm Toàn Cảnh Bukit Bintang Kuala Lumpur Về Đêm Rực Rỡ","Trải nghiệm góc nhìn từ trên cao xuống con phố Bukit Bintang sầm uất tại Kuala Lumpur với đài phun nước đổi màu tuyệt đẹp. #KualaLumpur #BukitBintang #MalaysiaTravel #NightLife #CityView","28.7s","28.0s","3","0.92","City_Glow_Impact, Urban_Pulse, Night_Light_Showcase","/Volumes/Media/Auto-Video-Factory/archive/IMG_20251029_200932/IMG_20251029_200932_final.mp4","2026-08-04 20:47:05","2026-08-05 10:26:33"
"IMG_20251029_200932","Short2Short","🤖 Timeline Ready","/Users/khan/Developer/Auto-Video-Factory/incoming/IMG_20251029_200932.mp4","Khám Phá Đêm Kuala Lumpur Rực Rỡ Tại Bukit Bintang","Trải nghiệm không khí sôi động về đêm tại trung tâm Kuala Lumpur với ánh đèn lung linh và dòng người nhộn nhịp. #kualalumpur #malaysia #travel #bukitbintang #nightlife","28.7s","28.0s","4","0.92","viral_fast_intro, premium_showcase_city, dramatic_focus_fountain, cinematic_outro","","2026-08-05 12:25:25",""
"IMG_20251029_200932","Long2Short","🎬 Rendered","/Users/khan/Developer/Auto-Video-Factory/incoming/IMG_20251029_200932.mp4","Khám Phá Đêm Kuala Lumpur Rực Rỡ Tại Bukit Bintang","Trải nghiệm không khí sôi động về đêm tại trung tâm Kuala Lumpur với ánh đèn lung linh và dòng người nhộn nhịp. #kualalumpur #malaysia #travel #bukitbintang #nightlife","28.7s","28.0s","4","0.92","viral_fast_intro, premium_showcase_city, dramatic_focus_fountain, cinematic_outro","/Volumes/Media/Auto-Video-Factory/archive/IMG_20251029_200932/IMG_20251029_200932_final.mp4","2026-08-05 12:25:25","2026-08-05 12:28:19"
"IMG_20251029_200932","Long2Short","🎬 Rendered","/Users/khan/Developer/Auto-Video-Factory/incoming/IMG_20251029_200932.mp4","Khám Phá Đêm Kuala Lumpur Rực Rỡ Tại Bukit Bintang","Trải nghiệm không khí sôi động về đêm tại trung tâm Kuala Lumpur với ánh đèn lung linh và dòng người nhộn nhịp. #kualalumpur #malaysia #travel #bukitbintang #nightlife","28.7s","28.0s","4","0.92","viral_fast_intro, premium_showcase_city, dramatic_focus_fountain, cinematic_outro","/Volumes/Media/Auto-Video-Factory/archive/IMG_20251029_200932/IMG_20251029_200932_final.mp4","2026-08-05 12:25:25","2026-08-05 12:40:02"
"IMG_20251029_200932","Long2Short","🎬 Rendered","/Users/khan/Developer/Auto-Video-Factory/incoming/IMG_20251029_200932.mp4","Khám Phá Đêm Kuala Lumpur Rực Rỡ Tại Bukit Bintang","Trải nghiệm không khí sôi động về đêm tại trung tâm Kuala Lumpur với ánh đèn lung linh và dòng người nhộn nhịp. #kualalumpur #malaysia #travel #bukitbintang #nightlife","28.7s","28.0s","4","0.92","viral_fast_intro, premium_showcase_city, dramatic_focus_fountain, cinematic_outro","/Volumes/Media/Auto-Video-Factory/archive/IMG_20251029_200932/IMG_20251029_200932_final.mp4","2026-08-05 12:25:25","2026-08-05 12:49:09"
"IMG_20251029_200932","Long2Short","🎬 Rendered","/Users/khan/Developer/Auto-Video-Factory/incoming/IMG_20251029_200932.mp4","Khám Phá Đêm Kuala Lumpur Rực Rỡ Tại Bukit Bintang","Trải nghiệm không khí sôi động về đêm tại trung tâm Kuala Lumpur với ánh đèn lung linh và dòng người nhộn nhịp. #kualalumpur #malaysia #travel #bukitbintang #nightlife","28.7s","28.0s","4","0.92","viral_fast_intro, premium_showcase_city, dramatic_focus_fountain, cinematic_outro","/Volumes/Media/Auto-Video-Factory/archive/IMG_20251029_200932/IMG_20251029_200932_final.mp4","2026-08-05 12:25:25","2026-08-05 12:54:18"
"IMG_20251029_200932","Long2Short","🎬 Rendered","/Users/khan/Developer/Auto-Video-Factory/incoming/IMG_20251029_200932.mp4","Khám Phá Đêm Kuala Lumpur Rực Rỡ Tại Bukit Bintang","Trải nghiệm không khí sôi động về đêm tại trung tâm Kuala Lumpur với ánh đèn lung linh và dòng người nhộn nhịp. #kualalumpur #malaysia #travel #bukitbintang #nightlife","28.7s","28.0s","4","0.92","viral_fast_intro, premium_showcase_city, dramatic_focus_fountain, cinematic_outro","/Volumes/Media/Auto-Video-Factory/archive/IMG_20251029_200932/IMG_20251029_200932_final.mp4","2026-08-05 12:25:25","2026-08-05 13:12:34"
"IMG_20251029_200932","Long2Short","🎬 Rendered","/Users/khan/Developer/Auto-Video-Factory/incoming/IMG_20251029_200932.mp4","Khám Phá Đêm Kuala Lumpur Rực Rỡ Tại Bukit Bintang","Trải nghiệm không khí sôi động về đêm tại trung tâm Kuala Lumpur với ánh đèn lung linh và dòng người nhộn nhịp. #kualalumpur #malaysia #travel #bukitbintang #nightlife","28.7s","28.0s","4","0.92","viral_fast_intro, premium_showcase_city, dramatic_focus_fountain, cinematic_outro","/Volumes/Media/Auto-Video-Factory/archive/IMG_20251029_200932/IMG_20251029_200932_final.mp4","2026-08-05 12:25:25","2026-08-05 13:14:49"
"IMG_20251029_200932","Long2Short","🎬 Rendered","/Users/khan/Developer/Auto-Video-Factory/incoming/IMG_20251029_200932.mp4","Khám Phá Đêm Kuala Lumpur Rực Rỡ Tại Bukit Bintang","Trải nghiệm không khí sôi động về đêm tại trung tâm Kuala Lumpur với ánh đèn lung linh và dòng người nhộn nhịp. #kualalumpur #malaysia #travel #bukitbintang #nightlife","28.7s","28.0s","4","0.92","viral_fast_intro, premium_showcase_city, dramatic_focus_fountain, cinematic_outro","/Volumes/Media/Auto-Video-Factory/archive/IMG_20251029_200932/IMG_20251029_200932_final.mp4","2026-08-05 12:25:25","2026-08-05 13:21:29"
"IMG_20251029_200932","Long2Short","🎬 Rendered","/Users/khan/Developer/Auto-Video-Factory/incoming/IMG_20251029_200932.mp4","Khám Phá Đêm Kuala Lumpur Rực Rỡ Tại Bukit Bintang","Trải nghiệm không khí sôi động về đêm tại trung tâm Kuala Lumpur với ánh đèn lung linh và dòng người nhộn nhịp. #kualalumpur #malaysia #travel #bukitbintang #nightlife","28.7s","28.0s","4","0.92","viral_fast_intro, premium_showcase_city, dramatic_focus_fountain, cinematic_outro","/Volumes/Media/Auto-Video-Factory/archive/IMG_20251029_200932/IMG_20251029_200932_final.mp4","2026-08-05 12:25:25","2026-08-05 13:28:34"
"IMG_20251029_200932","Long2Short","🎬 Rendered","/Users/khan/Developer/Auto-Video-Factory/incoming/IMG_20251029_200932.mp4","Khám Phá Đêm Kuala Lumpur Rực Rỡ Tại Bukit Bintang","Trải nghiệm không khí sôi động về đêm tại trung tâm Kuala Lumpur với ánh đèn lung linh và dòng người nhộn nhịp. #kualalumpur #malaysia #travel #bukitbintang #nightlife","28.7s","28.0s","4","0.92","viral_fast_intro, premium_showcase_city, dramatic_focus_fountain, cinematic_outro","/Volumes/Media/Auto-Video-Factory/archive/IMG_20251029_200932/IMG_20251029_200932_final.mp4","2026-08-05 12:25:25","2026-08-05 13:39:02"
"IMG_20251029_200932","Long2Short","🎬 Rendered","/Users/khan/Developer/Auto-Video-Factory/incoming/IMG_20251029_200932.mp4","Khám Phá Đêm Kuala Lumpur Rực Rỡ Tại Bukit Bintang","Trải nghiệm không khí sôi động về đêm tại trung tâm Kuala Lumpur với ánh đèn lung linh và dòng người nhộn nhịp. #kualalumpur #malaysia #travel #bukitbintang #nightlife","28.7s","28.0s","4","0.92","viral_fast_intro, premium_showcase_city, dramatic_focus_fountain, cinematic_outro","/Volumes/Media/Auto-Video-Factory/archive/IMG_20251029_200932/IMG_20251029_200932_final.mp4","2026-08-05 12:25:25","2026-08-05 13:48:38"
"IMG_20251029_200932","Long2Short","🎬 Rendered","/Users/khan/Developer/Auto-Video-Factory/incoming/IMG_20251029_200932.mp4","Khám Phá Đêm Kuala Lumpur Rực Rỡ Tại Bukit Bintang","Trải nghiệm không khí sôi động về đêm tại trung tâm Kuala Lumpur với ánh đèn lung linh và dòng người nhộn nhịp. #kualalumpur #malaysia #travel #bukitbintang #nightlife","28.7s","28.0s","4","0.92","viral_fast_intro, premium_showcase_city, dramatic_focus_fountain, cinematic_outro","/Volumes/Media/Auto-Video-Factory/archive/IMG_20251029_200932/IMG_20251029_200932_final.mp4","2026-08-05 12:25:25","2026-08-05 13:52:18"
"IMG_20251029_200932","Long2Short","🎬 Rendered","/Users/khan/Developer/Auto-Video-Factory/incoming/IMG_20251029_200932.mp4","Khám Phá Đêm Kuala Lumpur Rực Rỡ Tại Bukit Bintang","Trải nghiệm không khí sôi động về đêm tại trung tâm Kuala Lumpur với ánh đèn lung linh và dòng người nhộn nhịp. #kualalumpur #malaysia #travel #bukitbintang #nightlife","28.7s","28.0s","4","0.92","viral_fast_intro, premium_showcase_city, dramatic_focus_fountain, cinematic_outro","/Volumes/Media/Auto-Video-Factory/archive/IMG_20251029_200932/IMG_20251029_200932_final.mp4","2026-08-05 12:25:25","2026-08-05 13:56:11"
"IMG_20251029_200932","Long2Short","🎬 Rendered","/Users/khan/Developer/Auto-Video-Factory/incoming/IMG_20251029_200932.mp4","Khám Phá Đêm Kuala Lumpur Rực Rỡ Tại Bukit Bintang","Trải nghiệm không khí sôi động về đêm tại trung tâm Kuala Lumpur với ánh đèn lung linh và dòng người nhộn nhịp. #kualalumpur #malaysia #travel #bukitbintang #nightlife","28.7s","28.0s","4","0.92","viral_fast_intro, premium_showcase_city, dramatic_focus_fountain, cinematic_outro","/Volumes/Media/Auto-Video-Factory/archive/IMG_20251029_200932/IMG_20251029_200932_final.mp4","2026-08-05 12:25:25","2026-08-05 14:02:49"
"IMG_20251029_200932","Long2Short","🎬 Rendered","/Users/khan/Developer/Auto-Video-Factory/incoming/IMG_20251029_200932.mp4","Khám Phá Đêm Kuala Lumpur Rực Rỡ Tại Bukit Bintang","Trải nghiệm không khí sôi động về đêm tại trung tâm Kuala Lumpur với ánh đèn lung linh và dòng người nhộn nhịp. #kualalumpur #malaysia #travel #bukitbintang #nightlife","28.7s","28.0s","4","0.92","viral_fast_intro, premium_showcase_city, dramatic_focus_fountain, cinematic_outro","/Volumes/Media/Auto-Video-Factory/archive/IMG_20251029_200932/IMG_20251029_200932_final.mp4","2026-08-05 12:25:25","2026-08-05 14:08:12"
"IMG_20251029_200932","Long2Short","🎬 Rendered","/Users/khan/Developer/Auto-Video-Factory/incoming/IMG_20251029_200932.mp4","Khám Phá Đêm Kuala Lumpur Rực Rỡ Tại Bukit Bintang","Trải nghiệm không khí sôi động về đêm tại trung tâm Kuala Lumpur với ánh đèn lung linh và dòng người nhộn nhịp. #kualalumpur #malaysia #travel #bukitbintang #nightlife","28.7s","28.0s","4","0.92","viral_fast_intro, premium_showcase_city, dramatic_focus_fountain, cinematic_outro","/Volumes/Media/Auto-Video-Factory/archive/IMG_20251029_200932/IMG_20251029_200932_final.mp4","2026-08-05 12:25:25","2026-08-05 14:10:27"
"IMG_20251029_200932","Long2Short","🎬 Rendered","/Users/khan/Developer/Auto-Video-Factory/incoming/IMG_20251029_200932.mp4","Khám Phá Đêm Kuala Lumpur Rực Rỡ Tại Bukit Bintang","Trải nghiệm không khí sôi động về đêm tại trung tâm Kuala Lumpur với ánh đèn lung linh và dòng người nhộn nhịp. #kualalumpur #malaysia #travel #bukitbintang #nightlife","28.7s","28.0s","4","0.92","viral_fast_intro, premium_showcase_city, dramatic_focus_fountain, cinematic_outro","/Volumes/Media/Auto-Video-Factory/archive/IMG_20251029_200932/IMG_20251029_200932_final.mp4","2026-08-05 12:25:25","2026-08-05 14:14:31"
"IMG_20251029_200932","Long2Short","🎬 Rendered","/Users/khan/Developer/Auto-Video-Factory/incoming/IMG_20251029_200932.mp4","Khám Phá Đêm Kuala Lumpur Rực Rỡ Tại Bukit Bintang","Trải nghiệm không khí sôi động về đêm tại trung tâm Kuala Lumpur với ánh đèn lung linh và dòng người nhộn nhịp. #kualalumpur #malaysia #travel #bukitbintang #nightlife","28.7s","28.0s","4","0.92","viral_fast_intro, premium_showcase_city, dramatic_focus_fountain, cinematic_outro","/Volumes/Media/Auto-Video-Factory/archive/IMG_20251029_200932/IMG_20251029_200932_final.mp4","2026-08-05 12:25:25","2026-08-05 14:29:36"
